;Cod_setor;lat;long;TIPO;income
0;350270505000001;-48.848981893436665;-24.513062451806242;URBANO;0.6062034499499547
1;350270505000002;-48.846967232213;-24.511578583329435;URBANO;0.6714547191726984
2;350270505000003;-48.845093133114965;-24.514755763132747;URBANO;0.7785044654753751
3;350270505000004;-48.8469538378241;-24.519240461909266;URBANO;0.8083762202989014
4;350270505000005;-48.84190958843999;-24.522869430368644;URBANO;0.5458055429719711
5;350270505000006;-48.855134403045916;-24.52078588295784;URBANO;0.6755439931184065
6;350270505000007;-48.84954189044679;-24.515053667469132;URBANO;0.6094592998907202
7;350270505000008;-48.853383397659854;-24.514135107545766;URBANO;0.6015784810359538
8;350270505000009;-48.84660280650325;-24.509095514597714;URBANO;0.750551832285038
9;350270505000010;-48.84904281912364;-24.49835947076041;URBANO;0.5036848655413972
10;350270505000011;-48.83899127181027;-24.504693614879415;URBANO;0.6153657811618848
11;350270505000012;-48.83911028437615;-24.491214965080747;URBANO;0.4493794391743531
12;350270505000013;-48.83650411870303;-24.509891709042623;URBANO;0.5965319143924929
13;350270505000014;-48.840831227961864;-24.514876769013092;URBANO;0.7710091647462728
14;350270505000015;-48.853747682755746;-24.509484224727505;URBANO;0.5609043672430806
15;350270505000016;-48.84697151457993;-24.51344123577211;URBANO;0.7018221679689486
16;350270505000017;-48.847337063440534;-24.52360719704479;URBANO;0.5573012739249683
17;350270505000018;-48.84083350826198;-24.526957345160657;URBANO;0.5445193065320226
18;350270505000019;-48.85094494237695;-24.513666343760917;URBANO;0.6295602476790872
19;350270505000020;-48.84323404960973;-24.50949775318893;URBANO;0.7949686336724616
20;350270505000021;-48.84400189532043;-24.50056759039847;URBANO;0.5721611500659393
21;350270505000022;-48.84560576699003;-24.50600081627672;URBANO;0.6063714602215923
22;350270505000023;-48.83982452941779;-24.49649699318448;URBANO;0.4947899353455652
23;350270505000024;-48.84298373991715;-24.49060370771803;URBANO;0.4898853703348898
24;350270505000025;-48.84178209640897;-24.512346888623387;URBANO;0.7010683207155815
25;350270505000026;-48.85934250093977;-24.515605551862286;URBANO;0.4990322862600661
26;350270505000027;-48.85131695382997;-24.510040853740612;URBANO;0.5980963343736384
27;350270505000028;-48.919976412819196;-24.475233001946563;RURAL;0.4679235338555005
28;350270505000029;-48.86088523790063;-24.464119748236637;RURAL;0.4615389756249965
29;350270505000030;-48.79134410686391;-24.455573971833342;RURAL;0.4213615764296889
30;350270505000031;-48.659154979434746;-24.393625530185467;RURAL;0.4453285403231026
31;350270505000033;-48.721110133705146;-24.48087327904408;RURAL;0.4103026706434925
32;350270505000034;-48.794902589435964;-24.509706733696973;RURAL;0.4563644220587169
33;350270505000035;-48.79289125372341;-24.545847811016397;RURAL;0.4985361739127164
34;350270505000036;-48.92811675698781;-24.51105391751386;RURAL;0.465423191222674
35;350270505000038;-48.90906743258135;-24.452633816061326;RURAL;0.4703847519607078
36;350270505000039;-48.82405677507633;-24.534438596895566;RURAL;0.390506636459169
37;350270505000040;-48.87028529217038;-24.539227859738105;RURAL;0.4837008978107633
38;350270510000001;-48.85313218477929;-24.426983320437333;URBANO;0.4239232907720968
39;350270510000002;-48.84813910089343;-24.42668826219932;URBANO;0.4214509188437114
40;350270510000003;-48.81539422064587;-24.42183480564216;RURAL;0.467666112335691
41;350270510000004;-48.840988656129745;-24.384991525342123;RURAL;0.44376031178561576
42;350270510000005;-48.78304985213979;-24.37919822136822;RURAL;0.4726789320911878
43;350270510000006;-48.86150877292441;-24.427861628500207;RURAL;0.4192277004405706
44;350270525000001;-48.91074699638257;-24.383050045558594;URBANO;0.4275374802609097
45;350270525000002;-48.91311585953049;-24.379945189628;URBANO;0.452138196552446
46;350270525000003;-48.90796360554412;-24.379925800159036;URBANO;0.28085718914386265
47;350270525000004;-48.90925475855637;-24.358884221826745;RURAL;0.4509227302885229
48;350270525000005;-48.923023988242605;-24.416960959757798;RURAL;0.21035842034085786
49;350270525000006;-48.981486138489736;-24.395447575080354;RURAL;0.3322078403545889
50;350270530000001;-49.04623465112066;-24.368142116681117;URBANO;0.4788869403634672
51;350270530000002;-49.04958898507631;-24.310839371357385;RURAL;0.4364394021303713
52;350270530000003;-49.011565731254066;-24.358247621167443;RURAL;0.3805819844271963
53;350535105000001;-49.02656568633014;-24.471558214867148;URBANO;0.6149770757531563
54;350535105000002;-49.02245009157363;-24.470557005066482;URBANO;0.5848147061302225
55;350535105000003;-49.02420153842324;-24.47479404945665;URBANO;0.5188825340385785
56;350535105000004;-48.98980687342989;-24.45509783350384;RURAL;0.4373129344041623
57;350535105000005;-48.98597604820073;-24.477688749219578;RURAL;0.5306837237659039
58;350535105000006;-49.03057707377791;-24.514872661605303;RURAL;0.4492885233944552
59;350535105000007;-49.10544961233054;-24.50759622374915;RURAL;0.4990850268565076
60;350535105000008;-49.11818432825688;-24.46386479314808;RURAL;0.5665371284609685
61;350535105000009;-49.14847557399994;-24.395966401486525;RURAL;0.4409105192958574
62;350535105000010;-49.047548369943236;-24.424349784937945;RURAL;0.4923320711832718
63;350535105000011;-48.95519162601014;-24.472828689484725;RURAL;0.4536964118005468
64;350540105000001;-48.503091331739526;-24.759786669459935;URBANO;0.6149825177401416
65;350540105000002;-48.4973978880854;-24.7528438478008;URBANO;0.5567761348885919
66;350540105000003;-48.45057813975794;-24.762960355793282;RURAL;0.4904167073868491
67;350540105000004;-48.41224761342247;-24.8382895218584;RURAL;0.4421445048164606
68;350540105000005;-48.35151974847849;-24.933687872056005;RURAL;0.4945722558725528
69;350540105000006;-48.33610001768784;-24.987835476414173;RURAL;0.4090636611339421
70;350540105000007;-48.50858097082439;-25.03149697346487;RURAL;0.4387085422212445
71;350540105000008;-48.5504181516779;-24.995744511671937;RURAL;0.5481588587793963
72;350540105000009;-48.43670434819116;-24.912787030775654;RURAL;0.34172491451279824
73;350540105000010;-48.52243107189056;-24.913660796908044;RURAL;0.4454556801150554
74;350540105000011;-48.52627717040905;-24.84595449357603;RURAL;0.5278987778012956
75;350540105000012;-48.503408826477695;-24.79299538884534;RURAL;0.5106271085910874
76;350540105000013;-48.50014234009739;-24.711980828581705;RURAL;0.5794421585487486
77;350540105000015;-48.278484195266614;-24.909031493568794;RURAL;0.35951728669820104
78;350925405000001;-48.10763044056151;-24.72714875626637;URBANO;0.5864255651442924
79;350925405000002;-48.10431315780199;-24.729250163022545;URBANO;0.6731059819593593
80;350925405000003;-48.11127026007983;-24.734685320580517;URBANO;0.5760368598937099
81;350925405000004;-48.12179184334862;-24.729759945313535;URBANO;0.5834880168244337
82;350925405000005;-48.124745250878966;-24.728359279625035;URBANO;0.5969642394714637
83;350925405000006;-48.124350440165884;-24.72626797037799;URBANO;0.5764768209890365
84;350925405000007;-48.12595777167618;-24.721851328517015;URBANO;0.6459519604469154
85;350925405000008;-48.11470325756156;-24.718157481495414;URBANO;0.6653108732581389
86;350925405000009;-48.10953719208876;-24.725323992747402;URBANO;0.6580687253936033
87;350925405000010;-48.10735256551879;-24.725247475274823;URBANO;0.6526212417057244
88;350925405000011;-48.10161208741699;-24.724274099631245;URBANO;0.5660070381775933
89;350925405000012;-48.098582137068945;-24.735297305007514;URBANO;0.3868187153903224
90;350925405000013;-48.10446287547427;-24.734592596076393;URBANO;0.4626865525532685
91;350925405000014;-48.10886085204276;-24.73537446959804;URBANO;0.5382872218849514
92;350925405000015;-48.10684883849394;-24.740313005583943;URBANO;0.6450046861870246
93;350925405000016;-48.109420818143896;-24.741652224229608;URBANO;0.3490453805249753
94;350925405000017;-48.11356051567392;-24.73796895666451;URBANO;0.4939363321292975
95;350925405000018;-48.11853969140354;-24.736730658049748;URBANO;0.38191891395809
96;350925405000019;-48.10712146133409;-24.718058958911307;URBANO;0.6391925638372216
97;350925405000020;-48.16923530475858;-24.71096709299377;URBANO;0.4996308483665588
98;350925405000021;-48.17282481952785;-24.709976460519812;URBANO;0.4877430114812996
99;350925405000022;-48.15915398581207;-24.648746182309576;URBANO;0.4667634422865754
100;350925405000023;-48.163344369684516;-24.714785710655836;URBANO;0.4945887797395437
101;350925405000024;-48.109813114155784;-24.685036312079383;RURAL;0.5015542105674693
102;350925405000025;-48.092648701436;-24.74477801344665;RURAL;0.5128619551869397
103;350925405000026;-48.171506364060406;-24.801955020829254;RURAL;0.4643873426447235
104;350925405000027;-48.172905148256056;-24.787782955874018;RURAL;0.5598009711036442
105;350925405000028;-48.209611323940074;-24.80252653985198;RURAL;0.4573857047935409
106;350925405000029;-48.181397464176825;-24.849662540917716;RURAL;0.4347119559879213
107;350925405000030;-48.254304980699516;-24.85125822985411;RURAL;0.4969934248975758
108;350925405000031;-48.25967573060716;-24.789392948575934;RURAL;0.4622754632076276
109;350925405000033;-48.238778650719524;-24.743340021106196;RURAL;0.4769242927477516
110;350925405000034;-48.21265866639173;-24.71190504056515;RURAL;0.4828325904229183
111;350925405000035;-48.16862906974405;-24.692922871466745;RURAL;0.5418647267937566
112;350925405000036;-48.1501377275459;-24.744685413665362;RURAL;0.5136721039059121
113;350925405000037;-48.19650717699726;-24.769387627510337;RURAL;0.5408634397165174
114;350925405000038;-48.19743367610215;-24.784153779333245;RURAL;0.5312936817261372
115;350925405000039;-48.1512101804032;-24.674562078582994;RURAL;0.4247508234712778
116;350990805000001;-47.929496652461516;-25.01617523683226;URBANO;0.7403560633036202
117;350990805000002;-47.9337984140563;-25.009833429661317;URBANO;0.5573219707148844
118;350990805000003;-47.92927258268014;-25.01169059910556;URBANO;0.7072749711461114
119;350990805000004;-47.93042582293598;-25.005229395462827;URBANO;0.6287649929167247
120;350990805000005;-47.89646295193906;-24.95551084142402;URBANO;0.7667216790151469
121;350990805000006;-47.93469702336285;-25.003817985595358;URBANO;0.6238740435393553
122;350990805000008;-47.96996043172547;-24.980855881075357;URBANO;0.5894420531355506
123;350990805000009;-47.93406491726258;-25.016358987115552;URBANO;0.5519852478783944
124;350990805000010;-47.933959187894104;-25.022562619007072;URBANO;0.5364210387890667
125;350990805000011;-47.945693338541396;-25.004717670622597;URBANO;0.4806390149533957
126;350990805000012;-47.938653636923945;-25.01275537481327;URBANO;0.5084817325706805
127;350990805000014;-47.849258306327016;-24.854224060599964;RURAL;0.5379010911400288
128;350990805000015;-47.95705632724489;-25.116199925655618;RURAL;0.3094347263974594
129;350990805000016;-48.06103247464054;-25.081506867266427;RURAL;0.42119762947948797
130;350990805000017;-48.156600624686874;-25.03017210262161;RURAL;0.4456901313514475
131;350990805000018;-48.01406009243247;-24.921066430412342;RURAL;0.436904369471776
132;350990805000019;-47.941782692150205;-24.85316353924608;RURAL;0.4421614120843909
133;350990805000021;-47.971726815435645;-25.04343809890534;URBANO;0.5669273337419337
134;350990805000022;-47.96243686703425;-25.022551101065297;URBANO;0.4522718254990286
135;350990805000025;-48.01932749383275;-24.92651257914989;RURAL;0.2976757844468857
136;350990810000001;-48.03955123348395;-25.215314388930086;URBANO;0.4347997071586293
137;350990810000003;-47.99863957536896;-25.197430048282673;RURAL;0.4718315064646234
138;351480905000001;-48.105188792056225;-24.52280834092283;URBANO;0.6136855369012967
139;351480905000002;-48.10584838079155;-24.527870643943793;URBANO;0.6141274101527517
140;351480905000003;-48.110442785244516;-24.526817645384174;URBANO;0.621636745211407
141;351480905000004;-48.114933897645955;-24.526784549223823;URBANO;0.5384513288335454
142;351480905000005;-48.11390355617778;-24.520779384699534;URBANO;0.6541894744473171
143;351480905000006;-48.10797776745162;-24.515948881628027;URBANO;0.4841244657655611
144;351480905000007;-48.14002964347457;-24.569843662318192;RURAL;0.5058701653979184
145;351480905000008;-48.109034538175884;-24.50056129948765;RURAL;0.4994715434017747
146;351480905000009;-48.09395299208679;-24.557633494097573;RURAL;0.5310157158589909
147;351480905000010;-48.16089237024959;-24.462837679343217;RURAL;0.5018827339901252
148;351480905000011;-48.12132038244413;-24.39462600419211;RURAL;0.5125227398684845
149;351480905000012;-48.07898710573799;-24.406010086845935;RURAL;0.4918918915118844
150;351480905000013;-48.040380201354665;-24.445205323426887;RURAL;0.4918070822526683
151;351480905000014;-48.04527826945526;-24.507320074330767;RURAL;0.5743479715892216
152;351480905000015;-48.19919955748935;-24.500353729468813;RURAL;0.4525127952173018
153;351480905000016;-48.137900240176855;-24.333748630316034;RURAL;0.5449114218938615
154;351480905000017;-48.168260244192325;-24.28106036488287;RURAL;0.34756294933268184
155;351480910000001;-48.29343472547427;-24.638943701152435;URBANO;0.521595719740872
156;351480910000002;-48.268951114496154;-24.64232192164454;RURAL;0.4685494354396159
157;351480910000003;-48.30740192635404;-24.693626612482696;RURAL;0.4648506497945896
158;351480910000006;-48.364701844313025;-24.69841727996719;RURAL;0.3296820457541021
159;351480915000001;-48.218623680850605;-24.595523703087178;URBANO;0.5899717407834622
160;351480915000002;-48.22648274339495;-24.629768374555237;RURAL;0.5041800623841338
161;351480915000003;-48.27414518872836;-24.586093395077615;RURAL;0.4154822249522934
162;351480915000004;-48.265795463452314;-24.49324278260558;RURAL;0.4174384232697513
163;351480915000005;-48.3447333227135;-24.603533837790028;RURAL;0.4324125618428201
164;351480915000006;-48.30743865734638;-24.398563709994377;RURAL;0.4390491354081853
165;351480915000007;-48.406463424664295;-24.63056727644645;RURAL;0.35327710152441505
166;351480915000011;-48.16699549388758;-24.612014452703367;RURAL;0.4976088255868471
167;351480915000012;-48.381725179822986;-24.552531027018496;RURAL;0.4073596926656117
168;352030105000001;-47.55392102724352;-24.707342197625916;URBANO;0.6722213050966486
169;352030105000002;-47.55803041525054;-24.7091567201073;URBANO;0.6604779297498165
170;352030105000003;-47.560066315866905;-24.71270015145251;URBANO;0.675552093473967
171;352030105000004;-47.560869408257496;-24.7097370359458;URBANO;0.6081826333928327
172;352030105000005;-47.56090207186062;-24.705748167034297;URBANO;0.5913858197622205
173;352030105000006;-47.562397711541166;-24.706885988135415;URBANO;0.5814887439878678
174;352030105000007;-47.56363514479774;-24.701742609955822;URBANO;0.5546278187821618
175;352030105000008;-47.56658799998652;-24.694873061119466;URBANO;0.4771596936822559
176;352030105000009;-47.55903137536356;-24.703022473701733;URBANO;0.6339196028465478
177;352030105000010;-47.55703041295479;-24.70566170696927;URBANO;0.6879467066883371
178;352030105000011;-47.566124040526326;-24.71388976939492;URBANO;0.5764629026434921
179;352030105000012;-47.56871591802609;-24.71388321388271;URBANO;0.5475179571910629
180;352030105000013;-47.568633041561;-24.709986682209976;URBANO;0.5659833432299193
181;352030105000014;-47.56761583679838;-24.708536840578446;URBANO;0.5597441557031256
182;352030105000015;-47.57240439094699;-24.711504850825584;URBANO;0.4961227464167773
183;352030105000016;-47.57021767312755;-24.716901187895328;URBANO;0.522570092464329
184;352030105000017;-47.5744237513247;-24.711603438587318;URBANO;0.525610561868254
185;352030105000018;-47.60767111862765;-24.71229951154253;URBANO;0.4960988726090952
186;352030105000019;-47.717517425647586;-24.810631064975897;URBANO;0.486961881160669
187;352030105000021;-47.54263859792546;-24.656494141949114;URBANO;0.5321021044063241
188;352030105000022;-47.49186402606891;-24.664644378527985;URBANO;0.5900711960507424
189;352030105000025;-47.375264527373204;-24.645043571491957;URBANO;0.6161288360330612
190;352030105000026;-47.434121619521555;-24.66383159706018;URBANO;0.5374174588571334
191;352030105000027;-47.4872482895122;-24.686314776475374;URBANO;0.5673337753547271
192;352030105000028;-47.53169053210384;-24.694533534852706;URBANO;0.5275283622545709
193;352030105000030;-47.557725900448894;-24.694024292596165;URBANO;0.662209730068492
194;352030105000031;-47.57156075428163;-24.708916406300638;URBANO;0.4943566468959086
195;352030105000032;-47.57555924255134;-24.712555504999145;URBANO;0.4984977646913185
196;352030105000033;-47.28700270628855;-24.43746959252578;RURAL;0.4881101139695594
197;352030105000035;-47.780684564085384;-24.80528995798594;URBANO;0.44363367050000935
198;352030105000036;-47.736559508456544;-24.761953412996984;URBANO;0.5550574068110579
199;352030105000037;-47.70722968572516;-24.69469218275407;URBANO;0.5121557665374565
200;352030105000038;-47.661910275353655;-24.62401966072662;RURAL;0.5080955231612408
201;352030105000039;-47.5805426661317;-24.62543931192367;RURAL;0.4702477922792037
202;352030105000040;-47.48676241341438;-24.57905936782743;RURAL;0.5112173129512595
203;352030105000041;-47.40825408052513;-24.558283925463403;RURAL;0.3652251835134194
204;352030105000042;-47.2153804136682;-24.50735018516237;RURAL;0.4623620460122133
205;352030105000043;-47.62293449704436;-24.549470334262043;RURAL;0.5089496052299746
206;352030105000044;-47.592702720856316;-24.477655071826334;RURAL;0.4697890805320484
207;352030105000045;-47.60859181985274;-24.406078744690305;RURAL;0.4821160142256482
208;352030105000046;-47.52648560117012;-24.387331175305853;RURAL;0.4625781316072992
209;352030105000047;-47.500145851621696;-24.459423193647126;RURAL;0.4313095996995959
210;352030105000049;-47.40945187629899;-24.39186414557902;RURAL;0.4349376313993716
211;352030105000050;-47.56339899738539;-24.69767787693105;URBANO;0.6969572457559363
212;352030105000051;-47.576070767383044;-24.721168839042857;URBANO;0.4904896271002447
213;352030105000052;-47.38287741391723;-24.647293381869396;URBANO;0.510155884113389
214;352030105000053;-47.40850659470148;-24.65197204611135;URBANO;0.31926534684889823
215;352030105000054;-47.54882992402307;-24.70356918130741;URBANO;0.57964260660411
216;352030105000055;-47.57408835926546;-24.71498788159104;URBANO;0.5275330860615838
217;352030105000057;-47.54450698857367;-24.616081049406294;RURAL;0.36595397722200973
218;352030105000058;-47.52211680481261;-24.57414316482689;RURAL;0.5885744069578531
219;352030105000059;-47.35082396798267;-24.6214152073742;URBANO;0.4939338550423514
220;352030105000061;-47.568286187472545;-24.573356722490473;RURAL;0.5166460138882606
221;352030105000062;-47.383711823667475;-24.650779613719934;URBANO;0.5827288166429141
222;352030105000063;-47.38170033675583;-24.65159526477019;URBANO;0.6517065892810844
223;352030105000064;-47.3949303392501;-24.658080388538238;URBANO;0.55659085329102
224;352030105000065;-47.385262899081695;-24.64852271804236;URBANO;0.5297512397999417
225;352042605000001;-47.5543431180948;-24.739205988240773;URBANO;0.5858668175615882
226;352042605000002;-47.53616701252018;-24.72933249145619;URBANO;0.6327751128239624
227;352042605000004;-47.558849507863634;-24.736601112482063;URBANO;0.5470901713542838
228;352042605000008;-47.704510403151666;-24.838526619052175;URBANO;0.5251434314495348
229;352042605000010;-47.79587313368674;-24.891836585468614;URBANO;0.53536057182435
230;352042605000011;-47.79396793475421;-24.88799992787003;URBANO;0.6139085543956433
231;352042605000012;-47.85542608935833;-24.98450252818787;URBANO;0.561827111040208
232;352042605000013;-47.548865339813915;-24.736194619169495;URBANO;0.592677507805974
233;352042605000014;-47.53871333227282;-24.734060483902518;URBANO;0.6241103485419129
234;352042605000015;-47.52308772898268;-24.721506036935256;URBANO;0.580154869370551
235;352042605000016;-47.57180565810777;-24.75448658726354;URBANO;0.5751685547085645
236;352042605000017;-47.622007763667206;-24.78873560712587;URBANO;0.5571220148726986
237;352042605000018;-47.67614447356381;-24.82997054564979;URBANO;0.5782994515548808
238;352042605000019;-47.55284496890672;-24.738387396609998;URBANO;0.6451130610259319
239;352042605000020;-47.5513421791808;-24.738271976787967;URBANO;0.6510562209266303
240;352042605000021;-47.53568049188891;-24.721798642159897;URBANO;0.5788212534603658
241;352042605000022;-47.528956434798765;-24.730744826462512;URBANO;0.5799124955626219
242;352042605000023;-47.55503887098263;-24.747193197633173;URBANO;0.6343937020081093
243;352042605000024;-47.54131214799703;-24.738103469823077;URBANO;0.6146357983012689
244;352042605000025;-47.54641840935721;-24.727368806427574;URBANO;0.5409211264983893
245;352042605000026;-47.50883719325316;-24.717546192523397;URBANO;0.5964183276449692
246;352042605000027;-47.47491183579317;-24.706578033657447;URBANO;0.5861773004150538
247;352042605000028;-47.566135340316656;-24.751740014443552;URBANO;0.6456964153646675
248;352042605000029;-47.560002108419965;-24.748413336432485;URBANO;0.6388080303937059
249;352042605000030;-47.57991634187142;-24.760193077729998;URBANO;0.6456995422001515
250;352042605000031;-47.54544189794631;-24.74332193380758;URBANO;0.6573143974796021
251;352120005000001;-48.59134761233196;-24.584198690820312;URBANO;0.5943817542871818
252;352120005000002;-48.593439573066064;-24.58156148053493;URBANO;0.5150322056047809
253;352120005000003;-48.595728451112265;-24.587213457421743;URBANO;0.6017715199515978
254;352120005000004;-48.59735492755741;-24.58438457314608;URBANO;0.5221401565527621
255;352120005000005;-48.676998661207726;-24.563249635897286;URBANO;0.5147337027854173
256;352120005000006;-48.47835063605262;-24.503570285681686;RURAL;0.41641236907677975
257;352120005000007;-48.479561515936936;-24.570771986398295;RURAL;0.4887053870846202
258;352120005000008;-48.49838545740014;-24.63143264268278;RURAL;0.4997347467853754
259;352120005000009;-48.57360255915223;-24.617347362186194;RURAL;0.5317194703795474
260;352120005000010;-48.61741677421462;-24.661868755704884;RURAL;0.4216412085483784
261;352120005000011;-48.73868956358432;-24.666130227113428;RURAL;0.4334348604311648
262;352120005000012;-48.7399734178161;-24.57230015884449;RURAL;0.57934435665758
263;352120005000013;-48.63180548319419;-24.51619699600208;RURAL;0.34134607321284205
264;352120005000014;-48.53770955448761;-24.317876102968505;RURAL;0.6052538907393187
265;352120005000016;-48.43426431709574;-24.282023033814248;RURAL;0.4549746434879005
266;352120005000019;-48.47325906879908;-24.445611435381963;RURAL;0.3755022553552427
267;352120005000021;-48.61449235955287;-24.56461775677171;RURAL;0.4614489394795883
268;352215805000001;-48.84093171891234;-24.641355554003923;URBANO;0.5875529130345172
269;352215805000002;-48.83419610930325;-24.644493564460433;URBANO;0.5967663420348914
270;352215805000003;-48.807489833973264;-24.654425958494006;URBANO;0.470619372977721
271;352215805000004;-48.89321158019003;-24.66756017077617;URBANO;0.5088621993267725
272;352215805000005;-48.8741554024769;-24.604056475095796;URBANO;0.515684015809457
273;352215805000006;-48.78657651202817;-24.644306276580757;URBANO;0.5321242012932006
274;352215805000007;-48.79262922348087;-24.626840677061537;RURAL;0.4532328531235402
275;352215805000008;-48.889446730667366;-24.635528813438825;RURAL;0.4977746490465489
276;352215805000009;-48.851172691949316;-24.586250764369964;RURAL;0.4975836811950185
277;352265305000001;-49.172855499271805;-24.571431625400557;URBANO;0.5616902226130883
278;352265305000002;-49.17129690325984;-24.574649041467673;URBANO;0.5242582787811646
279;352265305000003;-49.1691040334926;-24.57418829503762;URBANO;0.4474341835041263
280;352265305000004;-49.18238120029973;-24.619816228781207;RURAL;0.4046846780004573
281;352265305000005;-49.259903101683236;-24.62237480828278;RURAL;0.4310300937254084
282;352265305000006;-49.224034677096654;-24.494265792532467;RURAL;0.5205358652298132
283;352265305000007;-49.24196418507667;-24.514057280151963;RURAL;0.4658153340635473
284;352265305000008;-49.20942615746537;-24.453996947656606;RURAL;0.4551938731097527
285;352265305000009;-49.17382229553863;-24.531558957794648;RURAL;0.44855150620544776
286;352330505000001;-47.17629425998838;-24.292490668986826;URBANO;0.6353734425823893
287;352330505000002;-47.17809520362049;-24.286172099042602;URBANO;0.6263694890006625
288;352330505000003;-47.1719828421651;-24.2870516035512;URBANO;0.6065359754731584
289;352330505000004;-47.17095543307283;-24.2911180335909;URBANO;0.6170777997899479
290;352330505000005;-47.16614109531712;-24.301043047151;URBANO;0.5602637359764089
291;352330505000006;-47.189185373788156;-24.289476962922105;URBANO;0.5344164183307735
292;352330505000007;-47.16336686544478;-24.281874845887792;RURAL;0.518164192690863
293;352330505000010;-47.13962729689246;-24.287413898974513;RURAL;0.5329329630312286
294;352330505000011;-47.12809665920692;-24.293901295062565;RURAL;0.3889501021032861
295;352330505000013;-47.16148180064239;-24.256912093578368;RURAL;0.4718419264405598
296;352330505000014;-47.14380113884784;-24.279587437335188;RURAL;0.5941473196545466
297;352330505000015;-47.12427396375645;-24.29054890329647;RURAL;0.6522097801748932
298;352330505000016;-47.16255539646069;-24.328401682945074;RURAL;0.3877139518746809
299;352330505000017;-47.199107906068534;-24.315422639073;RURAL;0.528538168151659
300;352330505000018;-47.1238418744436;-24.255880491700932;URBANO;0.5088866533200616
301;352330505000019;-47.11181127066871;-24.29619090970186;RURAL;0.5452658843818227
302;352330505000020;-47.16840069199679;-24.343509392508416;RURAL;0.6126944750558397
303;352330505000023;-47.12248669816795;-24.236088976521305;RURAL;0.5430420283161501
304;352330505000024;-47.18449339989778;-24.280936146459087;URBANO;0.5449130149394309
305;352330505000026;-47.140851791829675;-24.299890593146582;URBANO;0.515754924326913
306;352330505000027;-47.137654259606066;-24.296063402022124;URBANO;0.5120775299200944
307;352330505000028;-47.13403209218882;-24.297958969227647;URBANO;0.5283920548137347
308;352330505000029;-47.14939257124257;-24.304280018641972;URBANO;0.5456419045103004
309;352330505000031;-47.18323298105522;-24.32227455264958;URBANO;0.5737269635875241
310;352330505000032;-47.18124844263932;-24.33512135086531;URBANO;0.6026905460472644
311;352330505000034;-47.14316419264107;-24.271691456180744;URBANO;0.6733819562405076
312;352330505000035;-47.13539400722198;-24.307114734376412;URBANO;0.5789230350127121
313;352330505000037;-47.16119884008523;-24.316277624188274;RURAL;0.4545041309502377
314;352330505000038;-47.19253497178358;-24.279718802817392;RURAL;0.6446360589980775
315;352330505000039;-47.18934167684001;-24.300267936700052;URBANO;0.4842594199019515
316;352330510000001;-47.06704580471847;-24.30005028845508;URBANO;0.5677684667240529
317;352330510000002;-47.08452704539037;-24.304422972381502;RURAL;0.5662569557214232
318;352330510000005;-47.07560044987617;-24.28560238477899;RURAL;0.3013571499916564
319;352330510000006;-47.04676555249031;-24.28140029112833;URBANO;0.5021360253786041
320;352330510000007;-47.03990225472838;-24.277963199504335;RURAL;0.4573808328464953
321;352330510000008;-47.04012209119526;-24.290379948218952;URBANO;0.4539039652439161
322;352330510000009;-47.029161138769595;-24.285771259293632;RURAL;0.4764178723841063
323;352330510000010;-47.02891968116584;-24.294942248504807;RURAL;0.43092885639693695
324;352330510000011;-47.04492382326029;-24.305732478513765;RURAL;0.4907224426324706
325;352330510000014;-47.09128648761168;-24.3132048515006;RURAL;0.4744620491140796
326;352330510000015;-47.07070060110536;-24.25241063865886;RURAL;0.5236930316599011
327;352330510000020;-47.09398402388983;-24.34398849010428;RURAL;0.344377879878224
328;352330510000023;-47.0656085169052;-24.29906949512008;RURAL;0.6410057193477454
329;352330510000024;-47.034997176278196;-24.292575488839788;URBANO;0.5174147033685109
330;352330510000025;-47.02971600956555;-24.306076642805316;URBANO;0.4608275186151515
331;352330510000028;-47.05621888183318;-24.310783210428653;URBANO;0.5062215183476726
332;352330510000029;-47.07589247137745;-24.30976011319792;URBANO;0.5641641038792089
333;352330510000031;-47.026192908590595;-24.29621674478369;RURAL;0.4782556233843986
334;352460005000001;-48.005239216359485;-24.69812143770999;URBANO;0.7038784445790335
335;352460005000002;-47.99989867008307;-24.691573748690544;URBANO;0.6794113382381677
336;352460005000003;-48.00027730902947;-24.70533433769757;URBANO;0.6692001339877778
337;352460005000004;-48.00366889806215;-24.701013188318186;URBANO;0.5898921668762144
338;352460005000005;-48.00652054829413;-24.70366592879917;URBANO;0.6605332231349555
339;352460005000006;-48.003727308049896;-24.708462662523676;URBANO;0.6077875984061278
340;352460005000007;-48.00875955513946;-24.708887875564553;URBANO;0.5772828649602031
341;352460005000008;-48.011123145806216;-24.705764281939317;URBANO;0.5866891700103358
342;352460005000009;-48.01330098850845;-24.702778269191214;URBANO;0.6152222812831918
343;352460005000010;-48.00912751658896;-24.696439269085005;URBANO;0.6406526984077261
344;352460005000011;-48.04798195141252;-24.685585181303914;RURAL;0.5062921535060269
345;352460005000012;-48.092457964744554;-24.6378831021647;RURAL;0.4917894989648733
346;352460005000013;-48.03563138587713;-24.605274850884342;RURAL;0.5029797014559915
347;352460005000014;-47.99309068526708;-24.642468170511485;RURAL;0.5211633827826035
348;352460005000015;-47.95540501607757;-24.668219503287077;RURAL;0.5293843643075716
349;352460005000016;-47.96016059286125;-24.770383976280783;RURAL;0.5234933540334602
350;352460005000017;-48.00829994364921;-24.787788460754673;RURAL;0.5710683243141625
351;352460005000018;-48.071095402723685;-24.796151097787778;RURAL;0.5545052671787029
352;352460005000019;-48.12703615819272;-24.879229081584775;RURAL;0.5026121649407218
353;352460005000020;-48.10547686527708;-24.93221076830653;RURAL;0.5042714834090163
354;352460005000023;-48.01247665631999;-24.71359948607963;RURAL;0.5122287697121146
355;352460005000024;-48.00803001368015;-24.711809679466082;URBANO;0.5020452015783885
356;352460005000025;-48.00580064955405;-24.716425553529817;RURAL;0.5568931990011919
357;352460005000027;-48.06414877418801;-24.904643599465697;RURAL;0.47460819442992
358;352610005000001;-47.635455873293544;-24.32091908510799;URBANO;0.6437367223753311
359;352610005000002;-47.63871549521344;-24.320253102885065;URBANO;0.6611175547494107
360;352610005000003;-47.637845412345285;-24.316099129136123;URBANO;0.628736205058993
361;352610005000004;-47.632697496427994;-24.3145170196005;URBANO;0.5625083889432659
362;352610005000005;-47.62774088175003;-24.326628779051177;URBANO;0.6285179613249388
363;352610005000006;-47.64666809673082;-24.3254862598341;URBANO;0.5315638222820888
364;352610005000007;-47.644336289545926;-24.318963797145773;URBANO;0.5333826259122499
365;352610005000008;-47.64102470547077;-24.315360784159004;URBANO;0.5824759123862275
366;352610005000009;-47.64763824533691;-24.314733959481824;URBANO;0.4837750076625964
367;352610005000010;-47.652253202093355;-24.312034226124503;URBANO;0.3988867880985884
368;352610005000011;-47.64465670219557;-24.309774462843272;URBANO;0.5260146457352693
369;352610005000012;-47.63400694533828;-24.30893961068699;URBANO;0.5339241438604834
370;352610005000013;-47.63226657672142;-24.31186123374861;URBANO;0.5732108571162042
371;352610005000014;-47.62609187185332;-24.309106248371112;URBANO;0.5453630851499686
372;352610005000015;-47.62709021886146;-24.313730059906092;URBANO;0.5679357277691639
373;352610005000016;-47.623269142023624;-24.315805224204514;URBANO;0.5207289155325883
374;352610005000017;-47.63198504789633;-24.332833030527777;URBANO;0.4908427758995245
375;352610005000018;-47.63027829049871;-24.320521716656238;URBANO;0.5073300974362591
376;352610005000019;-47.63061530047944;-24.316560986584346;URBANO;0.5941631485057364
377;352610005000020;-47.673119766568284;-24.35257209831957;RURAL;0.4682513243474374
378;352610005000021;-47.72444152163959;-24.314930207221717;RURAL;0.4888636090408706
379;352610005000022;-47.65138716877572;-24.270732054522345;RURAL;0.4985368705447853
380;352610005000023;-47.59168346054625;-24.276312514510135;RURAL;0.4834270585631977
381;352610005000024;-47.57495209079642;-24.327305991550872;RURAL;0.5522322989986564
382;352610005000025;-47.58117677739936;-24.34335149340183;RURAL;0.4992260175578255
383;352610005000026;-47.7296204574169;-24.360111499282905;RURAL;0.5300526376554293
384;352610005000027;-47.7054598573364;-24.26066014758281;RURAL;0.4791759808041032
385;352610005000028;-47.73827826857401;-24.235308045855056;RURAL;0.5606131212481319
386;352610005000029;-47.64991614814428;-24.207512797350763;RURAL;0.45004056145095134
387;352610005000030;-47.56213927006218;-24.177072949068325;RURAL;0.554512178689042
388;352610005000031;-47.71684672148353;-24.150608977139257;RURAL;0.4815502855702051
389;352610005000032;-47.62255632998306;-24.15624279202489;RURAL;0.4879507005130376
390;352610005000033;-47.66678912505101;-24.080743068417036;RURAL;0.5048440526966118
391;352610005000034;-47.55339552532624;-24.0969788754685;RURAL;0.4258440299297334
392;352610005000035;-47.625773583391165;-24.351084745468413;RURAL;0.3610352720688692
393;352610005000036;-47.650276746950965;-24.352253698633778;RURAL;0.5067627689837849
394;352620905000001;-47.07893549067979;-23.935367534574667;URBANO;0.6527175139665337
395;352620905000002;-47.060414392848024;-23.921167771816688;URBANO;0.6412392886502207
396;352620905000003;-47.05236399607739;-23.93312222376075;URBANO;0.5629545234165837
397;352620905000004;-47.05863244843453;-23.94562310115505;URBANO;0.5757401904932232
398;352620905000005;-47.07698481987654;-23.942898079519523;URBANO;0.4678278455552758
399;352620905000006;-47.09350743029809;-23.929630049185498;URBANO;0.5892322058843507
400;352620905000007;-47.084744495063056;-23.920706091645776;URBANO;0.5211529393688364
401;352620905000008;-47.07914822944577;-23.925170486799637;URBANO;0.4689152899809113
402;352620905000009;-47.07282087541844;-23.926231520959295;URBANO;0.5856527945437652
403;352620905000010;-47.01317889685298;-23.95753833785904;URBANO;0.5097155519923373
404;352620905000011;-47.0382892128938;-23.954529416647087;URBANO;0.5031150551969711
405;352620905000012;-47.05755931551548;-23.96233733542618;URBANO;0.4870402522803257
406;352620905000013;-47.08527688589651;-23.95516734489279;URBANO;0.4570242479520171
407;352620905000015;-47.0436368103591;-23.91635575848608;URBANO;0.5405067505538095
408;352620905000016;-47.06876359189036;-23.940805869984665;URBANO;0.539254579492433
409;352620905000017;-47.07351504473549;-23.921369319210534;URBANO;0.516467292650961
410;352620905000018;-46.9981501320892;-23.926340617460873;URBANO;0.5816021931510749
411;352620905000019;-47.0943887289;-23.940249530720315;URBANO;0.5415000265222432
412;352620905000020;-47.107864263384265;-23.91703757886299;URBANO;0.5995035752246453
413;352620905000021;-47.02390442274769;-23.91003420015047;URBANO;0.50337794237641
414;352620905000022;-47.01353203855044;-23.919831685495204;URBANO;0.5584803705657216
415;352620905000023;-46.977014545138374;-23.90859476716068;URBANO;0.5810878542724807
416;352620905000024;-47.00947585636052;-23.93118020974629;URBANO;0.5771067368070986
417;352620905000025;-46.993275311974614;-23.939733155499535;URBANO;0.5515381634406915
418;352620905000026;-47.06855899420052;-23.930843323545258;URBANO;0.6506141462313787
419;352620905000027;-47.098752999351895;-23.881200249796198;RURAL;0.5710385868766383
420;352620905000028;-47.05546635834096;-23.86179106603383;RURAL;0.4869296762436007
421;352620905000029;-47.033204810053014;-23.89114802159363;RURAL;0.5586482970537011
422;352620905000030;-46.958632779162684;-23.921407349729932;RURAL;0.6307412013515684
423;352620905000031;-46.94435301220666;-23.95892987236343;RURAL;0.5391875989017267
424;352620905000032;-46.871463543969114;-23.95701972774935;RURAL;0.4076570986546784
425;352620905000033;-46.82960218374868;-23.94078153630264;RURAL;0.5166772347031717
426;352620905000035;-46.921309239415244;-23.994733630698853;RURAL;0.4797072874153898
427;352620905000036;-46.976529781800885;-24.013121374707534;RURAL;0.456182871840996
428;352620905000038;-47.01301678234083;-24.028745752650547;RURAL;0.4153350524713901
429;352620905000039;-47.04063480169272;-23.99243567722121;RURAL;0.5141968636313946
430;352620905000040;-47.06568671931419;-24.00304303840782;RURAL;0.5385247591486029
431;352620905000041;-47.12977863270508;-23.909047610738117;RURAL;0.4101822368840061
432;352620905000042;-46.97550858551125;-23.939504825573025;URBANO;0.5537490262944579
433;352620905000043;-46.99509833257926;-23.898922061317077;URBANO;0.5642270220973792
434;352620910000001;-47.143647464474675;-23.9838608913762;URBANO;0.5117076631965474
435;352620910000002;-47.14199648544367;-23.989606989141844;URBANO;0.5322260010114361
436;352620910000003;-47.15773303308588;-23.98016467750037;URBANO;0.528667136817896
437;352620910000004;-47.138798406669096;-23.96592124700911;URBANO;0.3480461945106205
438;352620910000005;-47.11230488303398;-23.94596537916888;URBANO;0.6041996773214986
439;352620910000006;-47.09604322687595;-23.952200948337055;URBANO;0.4590666727655783
440;352620910000007;-47.11502859858817;-23.967118574212513;URBANO;0.5296248226967466
441;352620910000008;-47.13387643967755;-23.982883092751926;URBANO;0.44188659122253415
442;352620910000009;-47.08816784767625;-23.989144722660022;RURAL;0.5467330767412271
443;352620910000010;-47.11853322221255;-23.99146866537519;RURAL;0.5695973649648681
444;352620910000011;-47.178614456963764;-23.97347809881303;RURAL;0.4433392964713435
445;352620910000012;-47.1502183018335;-23.9441853068172;RURAL;0.5365766982026219
446;352990605000001;-47.457062426202;-24.284388562050456;URBANO;0.6706708602176292
447;352990605000002;-47.45510824871515;-24.281862143745084;URBANO;0.6208753875552515
448;352990605000003;-47.45222276604402;-24.281565499620143;URBANO;0.6282883522219987
449;352990605000004;-47.44878313744045;-24.28434826557974;URBANO;0.5948958457141691
450;352990605000005;-47.444038012315936;-24.28310001196355;URBANO;0.4999333306522609
451;352990605000006;-47.456078858916165;-24.29021857385581;URBANO;0.5303755992841439
452;352990605000007;-47.460808166633235;-24.28609107294488;URBANO;0.6542454959546932
453;352990605000008;-47.46482537362124;-24.287270367276168;URBANO;0.5160884503625753
454;352990605000009;-47.44722414249434;-24.278739035150505;URBANO;0.4712920911797864
455;352990605000010;-47.51150346234008;-24.30964711857096;URBANO;0.6282289212283003
456;352990605000011;-47.51182114437225;-24.317811469490124;URBANO;0.5526280515815011
457;352990605000012;-47.48136173670265;-24.250195784814096;RURAL;0.4736923847697092
458;352990605000013;-47.43563762662712;-24.28876528865298;RURAL;0.5513629398621946
459;352990605000014;-47.405283328681016;-24.289382044919293;RURAL;0.5272247348247996
460;352990605000015;-47.39584877050335;-24.315927085421855;RURAL;0.4866090593282109
461;352990605000016;-47.45458585970529;-24.33144155537749;RURAL;0.4657360961509523
462;352990605000017;-47.4081753439271;-24.101905173104907;RURAL;0.4540780712189328
463;352990605000018;-47.42468779474646;-24.071247428186197;RURAL;0.7321429464405099
464;352990605000019;-47.434797164361065;-24.21981160552914;RURAL;0.5028528454677255
465;352990605000021;-47.36143601152551;-24.35452603721465;RURAL;0.4720979460386908
466;352990605000022;-47.410682696102924;-24.353454451386405;RURAL;0.4607227022084914
467;352990605000023;-47.482950920415554;-24.322488743543285;RURAL;0.5445774940546261
468;352990605000024;-47.498270479993145;-24.289917772629902;RURAL;0.5578561456589276
469;352990605000025;-47.49750423750423;-24.35291228691674;RURAL;0.4906066518804152
470;352990608000001;-47.5432315584987;-24.318324058575083;URBANO;0.5438892487918418
471;352990608000002;-47.548773203589036;-24.326915881878076;RURAL;0.4825066669425141
472;352990608000003;-47.53555025361001;-24.232399065198916;RURAL;0.4858708476105666
473;352990608000004;-47.565337841324144;-24.325862220695626;RURAL;0.4421535964256007
474;352990608000005;-47.56789946557117;-24.32623203741104;RURAL;0.4576702566897345
475;352990610000001;-47.374379948141986;-24.248354098135895;URBANO;0.5462057822910138
476;352990610000002;-47.33275013390192;-24.249288190277166;URBANO;0.4756618810104989
477;352990610000003;-47.32315929593531;-24.214992303557302;RURAL;0.5201900650748384
478;352990610000004;-47.31090682796204;-24.255769080004494;RURAL;0.4842259877736264
479;352990610000005;-47.348507833664954;-24.275459850567348;RURAL;0.5126700896061661
480;352990610000006;-47.37458099428011;-24.280461624596644;RURAL;0.5149484904868482
481;352990610000007;-47.37940976479273;-24.15601291338024;RURAL;0.5537401056006763
482;352990610000008;-47.33902168303447;-24.157722413613246;RURAL;0.3685812630549882
483;352990610000009;-47.32816868294153;-24.26521427312345;RURAL;0.4253234853934077
484;352990615000001;-47.31940405975639;-24.150572407659354;URBANO;0.5340896238069662
485;352990615000002;-47.30030813270413;-24.118594750039097;RURAL;0.5410154927180402
486;352990615000003;-47.25177654509784;-24.053395015456424;RURAL;0.5526683711397465
487;352990615000004;-47.19807685858014;-24.022845670190403;RURAL;0.5362551585484897
488;352990615000005;-47.20120878948244;-24.057785829274973;RURAL;0.45005154614717546
489;352990615000006;-47.327466933575145;-24.17122463117501;RURAL;0.497627671229557
490;352990615000007;-47.33505122422279;-24.18601254293474;RURAL;0.5204377976014775
491;352990615000008;-47.36775692645744;-24.202352530210455;RURAL;0.4413617306515613
492;353620805000001;-47.880236204469455;-24.712480052791392;URBANO;0.6963516185160297
493;353620805000002;-47.87710263732207;-24.70711813181087;URBANO;0.6427563431488597
494;353620805000003;-47.88253711876417;-24.71544478417726;URBANO;0.7129102534885957
495;353620805000004;-47.875160767021626;-24.71939019197244;URBANO;0.548561117716992
496;353620805000005;-47.88980014885381;-24.716723024305196;URBANO;0.6078956541368371
497;353620805000006;-47.88228357343852;-24.722419554578718;URBANO;0.6326876428198145
498;353620805000007;-47.89165006661687;-24.71033951763515;URBANO;0.5608190381240991
499;353620805000008;-47.888217483397874;-24.700778842300537;URBANO;0.5585472499888923
500;353620805000009;-47.87115080484623;-24.7135605660937;URBANO;0.5998623479383504
501;353620805000010;-47.86899289946865;-24.720556749831783;URBANO;0.5040392061273671
502;353620805000011;-47.875324257885936;-24.725861906451645;URBANO;0.537305405276113
503;353620805000012;-47.873330141946454;-24.732431365983977;URBANO;0.5224571736719054
504;353620805000013;-47.84731479641158;-24.660228843667703;RURAL;0.5419270014003376
505;353620805000014;-47.823415718163304;-24.724489471052927;RURAL;0.5216817997153803
506;353620805000015;-47.85602216771018;-24.7581947875369;RURAL;0.5431848683063234
507;353620805000016;-47.918450713707045;-24.750774384314138;RURAL;0.5317579719333986
508;353620805000017;-47.926323521879794;-24.71744296760572;RURAL;0.6644633474916424
509;353620805000018;-47.91294923574367;-24.67999404744631;RURAL;0.553024247908251
510;353620805000019;-47.89724310952309;-24.628226549612094;RURAL;0.5346182911145706
511;353620805000020;-47.84630902024469;-24.595933997332356;RURAL;0.5238070900492374
512;353620805000021;-47.78540126882615;-24.60088194773704;RURAL;0.4934080402972466
513;353620805000022;-47.8088126302499;-24.68271172286551;RURAL;0.4743861557382506
514;353620805000024;-47.88710792100871;-24.71988529843523;URBANO;0.6592805412195829
515;353620805000025;-47.88511685493842;-24.729156462443488;URBANO;0.5113371916540315
516;353620805000026;-47.874218742540535;-24.728949642399417;URBANO;0.5755788627174055
517;353620805000027;-47.86552970729881;-24.641719891848666;RURAL;0.5089098515619671
518;353620805000028;-47.87044349706311;-24.743011467064196;RURAL;0.39866500032885016
519;353720605000001;-47.229094306906006;-24.272162315304136;URBANO;0.606087136107703
520;353720605000002;-47.252800104114066;-24.264581269942074;URBANO;0.5637220505436583
521;353720605000003;-47.23162011239698;-24.27682426196546;URBANO;0.597471224490254
522;353720605000004;-47.235768374938864;-24.28574588406644;URBANO;0.5673061066086774
523;353720605000005;-47.24547110364224;-24.31016305216162;URBANO;0.5438922556239543
524;353720605000006;-47.23391955418364;-24.279500704967308;URBANO;0.5584171159654499
525;353720605000007;-47.27549206534254;-24.214345759741118;RURAL;0.5788044712289093
526;353720605000008;-47.21978815602978;-24.209459207791006;RURAL;0.4890437655970243
527;353720605000009;-47.218292400714084;-24.30494789573738;RURAL;0.5539822819722918
528;353720605000010;-47.27444669317018;-24.339020764405745;RURAL;0.4738538393931218
529;353720605000011;-47.304432275185675;-24.305692883392595;RURAL;0.545987984104553
530;353720605000012;-47.22294202509877;-24.145029917447523;RURAL;0.508534960970361
531;353720605000013;-47.09485325478647;-24.032806794903987;RURAL;0.5931511775434859
532;353720605000014;-47.10867819684534;-24.121212565759247;RURAL;0.4669417779220976
533;353720605000015;-47.26197755073177;-24.25698866529144;RURAL;0.5859882008737586
534;353720605000016;-47.239051303268056;-24.276444714129845;URBANO;0.5617712268096453
535;353720605000017;-47.258422108677934;-24.30803105425584;URBANO;0.6182914636792127
536;354260205000001;-47.841214438414816;-24.494345334677927;URBANO;0.7678215867064134
537;354260205000002;-47.84619542084402;-24.492637467711074;URBANO;0.7499400637572435
538;354260205000003;-47.8413314901608;-24.491630951992803;URBANO;0.6516420601036095
539;354260205000004;-47.83932418199684;-24.498858933453494;URBANO;0.7070414484250162
540;354260205000005;-47.8441123681171;-24.49708471596945;URBANO;0.8234406838934327
541;354260205000006;-47.84757444987879;-24.498655888926827;URBANO;0.7080182408424205
542;354260205000007;-47.849741182377585;-24.49274895575544;URBANO;0.6482271760562799
543;354260205000008;-47.850668454977225;-24.490280088170508;URBANO;0.5271816423824301
544;354260205000009;-47.848561723481126;-24.48823960061514;URBANO;0.579914618596535
545;354260205000010;-47.84489705678037;-24.487223129894677;URBANO;0.6731721881387506
546;354260205000011;-47.84255461050681;-24.486785315987017;URBANO;0.6315140801254318
547;354260205000012;-47.83931633537556;-24.48595258919883;URBANO;0.6265688670118315
548;354260205000013;-47.831469861677874;-24.490585762473124;URBANO;0.4613616261894152
549;354260205000014;-47.83688832774341;-24.494790862873476;URBANO;0.5948579481571115
550;354260205000015;-47.833318932236224;-24.49485082053667;URBANO;0.5372593580902139
551;354260205000016;-47.83761933142609;-24.504282384685563;URBANO;0.7032282127314515
552;354260205000017;-47.8406848948439;-24.50488771300455;URBANO;0.6291546027855018
553;354260205000018;-47.8431163473393;-24.502152228654214;URBANO;0.6603672832761349
554;354260205000019;-47.844906517721064;-24.50757955315084;URBANO;0.6880793975879798
555;354260205000020;-47.85017350085439;-24.501856893865575;URBANO;0.7626685804756456
556;354260205000021;-47.85397128054256;-24.50630141396656;URBANO;0.6569808011165479
557;354260205000022;-47.85942219337385;-24.507793984355892;URBANO;0.5428413488864287
558;354260205000023;-47.856970708337755;-24.497761693422323;URBANO;0.6611107658310961
559;354260205000024;-47.85186127818001;-24.491984792379252;URBANO;0.5596749691767486
560;354260205000025;-47.85426543398677;-24.49424095363649;URBANO;0.5327850732374505
561;354260205000026;-47.851924702678794;-24.484151805107388;URBANO;0.5434178536006251
562;354260205000027;-47.84446119728426;-24.462651269720748;URBANO;0.543970308961055
563;354260205000028;-47.803883838379434;-24.466684725965415;URBANO;0.5194175454203904
564;354260205000029;-47.81257459314923;-24.461284877644356;URBANO;0.5325286692426214
565;354260205000030;-47.81962546678826;-24.492504373427288;URBANO;0.5031011691320675
566;354260205000031;-47.836226510865046;-24.511400741753516;URBANO;0.5930282731567452
567;354260205000032;-47.84391507909687;-24.514239531200875;URBANO;0.5500380582977868
568;354260205000033;-47.867751156691064;-24.5195545141485;URBANO;0.6169413482288997
569;354260205000034;-47.87389954076843;-24.504616692217592;URBANO;0.6082762069298508
570;354260205000035;-47.87545091211504;-24.498365389063142;URBANO;0.5900724691503919
571;354260205000036;-47.87519306031046;-24.494836790020262;URBANO;0.6136805414427503
572;354260205000037;-47.87582523578499;-24.481388924352906;URBANO;0.5947835855746113
573;354260205000038;-47.83668506451468;-24.51765985371152;URBANO;0.5304409968794851
574;354260205000039;-47.823696555951834;-24.520749479743703;URBANO;0.5605674616723592
575;354260205000040;-47.81927705750187;-24.518595893088072;URBANO;0.5608155659876765
576;354260205000041;-47.823362179407454;-24.50788072243221;URBANO;0.6816623915967464
577;354260205000042;-47.828769020530736;-24.47160055074908;URBANO;0.4445669308663494
578;354260205000043;-47.82144566759965;-24.47895478858641;URBANO;0.513995819549558
579;354260205000044;-47.864593939149884;-24.494558573106243;URBANO;0.6079494288485006
580;354260205000045;-47.88167106117398;-24.53695287178255;URBANO;0.4895176083784901
581;354260205000046;-47.88896861501725;-24.525891698562095;URBANO;0.5190098950160893
582;354260205000047;-47.74444636041517;-24.408501138513202;URBANO;0.4871775514991761
583;354260205000048;-47.92935900005557;-24.509641933495715;RURAL;0.5249053393962246
584;354260205000049;-47.90111429914159;-24.4720715988044;RURAL;0.5040134959458986
585;354260205000050;-47.84991661843512;-24.43498125222013;RURAL;0.4911076739020123
586;354260205000051;-47.794735638459635;-24.397591662820105;RURAL;0.5037898342809698
587;354260205000052;-47.77194154802577;-24.437789799319713;RURAL;0.5994299937153155
588;354260205000053;-47.765940817116515;-24.479470390819458;RURAL;0.4940899986977806
589;354260205000054;-47.817703509438566;-24.540126711527115;RURAL;0.4942335426607339
590;354260205000055;-47.89706719167612;-24.543698386513373;RURAL;0.5704937140177528
591;354260205000056;-47.710269037067725;-24.435114292150196;RURAL;0.5042678905160833
592;354260205000057;-47.66977284866441;-24.46695489445703;RURAL;0.5166396988286441
593;354260205000058;-47.69984501845933;-24.510855085770284;RURAL;0.5252635403216587
594;354260205000059;-47.73537856509777;-24.558519530976447;RURAL;0.4896027249361434
595;354260205000060;-47.825156546379674;-24.568736377468845;RURAL;0.4976521435017817
596;354260205000061;-47.92470964920829;-24.592449021648562;RURAL;0.5360384368783958
597;354260205000062;-47.99772882637713;-24.55402087793434;RURAL;0.5152583622268744
598;354260205000063;-48.02904042194804;-24.5407755813641;RURAL;0.4368010735794223
599;354260205000064;-47.947030295329355;-24.55836897305061;RURAL;0.4523645726757997
600;354260205000065;-47.83479326487423;-24.492244553173833;URBANO;0.5479326945305413
601;354260205000066;-47.82577187823831;-24.499918805124203;URBANO;0.743007289901624
602;354260205000067;-47.861312960138925;-24.50145821743658;URBANO;0.7351731968921665
603;354260205000068;-47.80807677652253;-24.518778197634866;URBANO;0.43203812235612293
604;354260205000069;-47.837268724709666;-24.527227777772264;URBANO;0.5723602982030745
605;354280005000001;-49.00839295815363;-24.657448247646286;URBANO;0.6618876119642376
606;354280005000002;-49.00433268345234;-24.655610606460435;URBANO;0.5520280415874483
607;354280005000003;-49.00159972196646;-24.639921971989867;URBANO;0.4934100915840531
608;354280005000004;-49.08188383696129;-24.574013239748272;RURAL;0.5269431291726692
609;354280005000005;-49.01616982289312;-24.603653116660137;RURAL;0.4958991964310038
610;354280005000006;-48.97610993609487;-24.558143391624647;RURAL;0.5054975137544777
611;354280005000007;-48.9506608978946;-24.624337769660002;RURAL;0.5011505741437977
612;354280005000008;-49.102638587514505;-24.641107195968658;RURAL;0.494901781932487
613;354995305000001;-46.94171913484758;-23.849931234438877;URBANO;0.6200162641601966
614;354995305000002;-46.94157600358184;-23.853650308455546;URBANO;0.630863614217661
615;354995305000003;-46.94671885513059;-23.857831900803706;URBANO;0.6150767431044544
616;354995305000004;-46.95901730151017;-23.86588748333762;URBANO;0.6142520768413653
617;354995305000005;-46.98856080348519;-23.87682279807711;URBANO;0.5098989629580153
618;354995305000006;-46.9721004815997;-23.84464547926949;URBANO;0.6529605508059915
619;354995305000007;-46.953851777007664;-23.835224367020416;URBANO;0.5551041340535191
620;354995305000008;-46.95208528922895;-23.81397272069681;URBANO;0.5586261199349475
621;354995305000009;-46.93075924791909;-23.81973794452514;URBANO;0.5522813318727554
622;354995305000010;-46.91520774884672;-23.827407469600097;URBANO;0.6034136372191006
623;354995305000011;-46.92200587690471;-23.85277157326785;URBANO;0.5502615750665303
624;354995305000012;-46.920646042380824;-23.87953902541477;URBANO;0.5105085254839115
625;354995305000013;-46.95852811782617;-23.883068401614576;URBANO;0.6061286098662437
626;354995305000014;-47.00842567985618;-23.836297857368773;RURAL;0.5702376942754945
627;354995305000015;-46.94834571257216;-23.796623264146024;RURAL;0.5734731445881194
628;354995305000016;-46.97203244824025;-23.787714520255367;RURAL;0.49756724226734705
629;354995305000017;-46.896241330883285;-23.80626325856433;RURAL;0.5564945289707603
630;354995305000018;-46.87181350264073;-23.86908293143697;RURAL;0.5558135494781326
631;354995305000019;-46.90314767871709;-23.90603764820958;RURAL;0.6851569853862269
632;354995305000020;-46.93355671071976;-23.920012970601856;RURAL;0.5270871859420972
633;354995305000021;-46.9441642046344;-23.855686370764012;URBANO;0.5678472825662466
634;354995305000022;-46.95102667867234;-23.862287009550304;URBANO;0.5411711524196396
635;354995305000023;-46.98658346738122;-23.851031996761957;URBANO;0.6159834584651424
636;354995305000024;-46.90735840887822;-23.819548311121377;URBANO;0.5487454477362252
637;354995305000025;-46.900283031174865;-23.84347389978779;URBANO;0.4969461530594162
638;354995305000026;-46.901225040484995;-23.86388955377347;URBANO;0.5352370937327829
639;354995305000027;-46.94069413942286;-23.894008089947274;URBANO;0.6094695224102614
640;355180105000001;-47.926622650396205;-24.38928921708089;URBANO;0.6439483440973472
641;355180105000002;-47.926433011770776;-24.382941908200827;URBANO;0.5685315351990501
642;355180105000003;-47.92867910874127;-24.383485790619883;URBANO;0.6262169831984788
643;355180105000004;-47.93153860285769;-24.38693862794014;URBANO;0.5282360691155522
644;355180105000005;-47.92454815075882;-24.38338591682686;URBANO;0.5826601712396239
645;355180105000006;-47.93603858304014;-24.392771098334023;URBANO;0.4441740136918425
646;355180105000007;-47.92642684092435;-24.37630500192024;URBANO;0.5787269301145339
647;355180105000008;-47.90936652945281;-24.428784445883288;RURAL;0.5528258992505973
648;355180105000009;-47.94480293898353;-24.422087234704435;RURAL;0.5716266503039047
649;355180105000010;-47.94594749673067;-24.464469214830945;RURAL;0.5640856921095746
650;355180105000011;-47.9853504647897;-24.480770949121716;RURAL;0.6211065030851348
651;355180105000012;-47.94927314840742;-24.382834572590532;RURAL;0.5068590597717795
652;355180105000013;-47.98550650520853;-24.422775578248658;RURAL;0.4996787975782247
653;355180105000014;-47.97679061986641;-24.35495308665855;RURAL;0.5269460839020422
654;355180105000015;-48.0445266907962;-24.32475794317378;RURAL;0.5173387569440898
655;355180105000016;-47.95006044730819;-24.276203935674555;URBANO;0.5209623753734763
656;355180105000017;-48.04168431891614;-24.27452276831336;RURAL;0.5534020388020648
657;355180105000018;-47.98017976072988;-24.244103838689337;RURAL;0.5771809344739209
658;355180105000020;-47.808397168417706;-24.24675301591599;RURAL;0.5393726988326666
659;355180105000021;-47.870992677758224;-24.261325201872065;RURAL;0.4497872143972336
660;355180105000023;-47.90265598127339;-24.327530934766834;RURAL;0.4987552082427398
661;355180105000025;-47.866985971937126;-24.408117567797856;RURAL;0.5362606224166576
662;355180105000026;-47.93765766830638;-24.36556946273017;RURAL;0.454759289367312
663;355180105000027;-48.09155281884105;-24.232480078692543;RURAL;0.30074598870554503
664;355350005000001;-47.50431317116163;-23.97088896837509;URBANO;0.5904102222839259
665;355350005000002;-47.51272364269414;-23.97311534213925;URBANO;0.5373720271832976
666;355350005000003;-47.511790699646525;-23.962664751910054;URBANO;0.523300542117286
667;355350005000004;-47.51066872440918;-23.92116024324967;URBANO;0.5599835906491881
668;355350005000005;-47.52040028722017;-23.902278590232637;URBANO;0.5521867472220774
669;355350005000006;-47.49751985474344;-23.954925859063646;URBANO;0.5785313371697599
670;355350005000007;-47.466166604247256;-23.94102645439505;RURAL;0.5067220913334769
671;355350005000008;-47.45052015066839;-24.0220112919922;RURAL;0.6075476076807008
672;355350005000010;-47.74080809916597;-24.032050254134948;RURAL;0.4956028118575018
673;355350005000011;-47.53876775076518;-23.956192602621034;RURAL;0.5947671657087332
674;355350005000012;-47.5816144249323;-23.910936328997494;RURAL;0.5299975104448933
675;355350005000013;-47.56431740631757;-23.880608979339502;RURAL;0.4935363579759178
676;355350005000014;-47.5852725556896;-24.039134733025847;RURAL;0.4941615429382051
677;355350005000015;-47.50680227426021;-23.963691636601393;URBANO;0.6431500758922823
678;355350005000016;-47.52615096035007;-23.90492307846072;URBANO;0.5502396705698572
679;410020205000001;-48.99209010503292;-24.6614472204835;URBANO;0.6313741998984918
680;410020205000002;-48.990988588066585;-24.6595637860031;URBANO;0.6569856641337227
681;410020205000003;-48.97230093943256;-24.729385970070524;RURAL;0.5369002450789271
682;410020205000004;-48.91769090057775;-24.72778298344276;RURAL;0.5120031537240035
683;410020205000005;-48.920161103019126;-24.680382801848257;RURAL;0.5632481382621483
684;410020205000006;-49.05684024716062;-24.686568163384344;RURAL;0.4464269185164801
685;410020205000007;-48.90417560731559;-24.673568458354865;RURAL;0.5417024304721366
686;410020205000008;-48.85751512135209;-24.7086570869156;RURAL;0.4386684194533008
687;410020205000009;-48.80976133262663;-24.679851131330008;RURAL;0.5450438417257131
688;410020205000010;-48.81042887736501;-24.780545469995353;RURAL;0.4260529274707292
689;410020205000011;-48.71589149298579;-24.763906565134413;RURAL;0.454549359978769
690;410020205000012;-48.61307767934891;-24.75580038712212;RURAL;0.3326450512078488
691;410020205000013;-48.61927271066397;-24.859032347554816;RURAL;0.4591030554633975
692;410020205000014;-48.92637449039885;-24.835268590755806;RURAL;0.3664197709896105
693;410020205000015;-48.99682552551451;-24.856216684440778;RURAL;0.5317637772892148
694;410020205000016;-49.028405921859566;-24.8279860147285;RURAL;0.4747422737951694
695;410020205000017;-49.05591719234673;-24.770326830759824;RURAL;0.5062714980911851
696;410020205000018;-48.981898172912295;-24.66769958838911;URBANO;0.5419834612984474
697;410020205000019;-48.99941649887389;-24.656363238258546;URBANO;0.5884842765430388
698;410020205000020;-48.98627690408628;-24.669879287096727;URBANO;0.4916308441349349
699;410020205000021;-48.96393280637029;-24.681864476781413;RURAL;0.498461627674452
700;410310705000001;-49.10534415383165;-25.214865675159537;URBANO;0.5915489791892761
701;410310705000002;-49.111959754135135;-25.215294588662676;URBANO;0.5743629038641611
702;410310705000003;-49.11711314883312;-25.206694546883135;URBANO;0.6550953564621749
703;410310705000004;-49.108041725138314;-25.207443549143917;URBANO;0.592022799139845
704;410310705000005;-49.13773793094442;-25.218134398317392;RURAL;0.5583500486689871
705;410310705000006;-49.15203943135035;-25.173968744849613;RURAL;0.535812846476464
706;410310705000007;-49.12491303626607;-25.16517136145737;RURAL;0.5570530104125428
707;410310705000008;-49.08555667394453;-25.153561747177093;RURAL;0.5416311113778588
708;410310705000009;-49.04430890748297;-25.171884505896717;RURAL;0.5208382658099758
709;410310705000010;-48.9992046279611;-25.15210475052526;RURAL;0.4051741728957896
710;410310705000011;-49.02872642796888;-25.074390519962524;RURAL;0.5056072619146673
711;410310705000012;-48.930155152621786;-25.108769393866137;RURAL;0.4757562784238426
712;410310705000013;-48.91323586857858;-25.1613039047063;RURAL;0.38273486682656016
713;410310705000014;-48.98698524607863;-25.232455175414515;RURAL;0.5297909406664827
714;410310705000015;-49.05196202379099;-25.215470371225642;RURAL;0.5281993151327058
715;410310705000016;-49.091862945883804;-25.248500557969994;RURAL;0.5655322887228651
716;410310705000017;-48.89286206509642;-25.06071965626562;RURAL;0.4090045698527793
717;410310705000018;-48.69720980136224;-25.000806589210082;RURAL;0.4742670515672318
718;410310705000019;-49.13853172409445;-25.24370447384855;RURAL;0.5491993955589705
719;410310705000020;-49.16870562932514;-25.207914826313555;RURAL;0.5414492171004799
720;410310705000021;-49.11166235278006;-25.20349383474254;URBANO;0.5836314470100467
721;410310705000022;-49.120905499728195;-25.22951567715105;RURAL;0.4868065284801932
722;410310705000023;-49.1905803167749;-25.223580336457896;RURAL;0.5107821232489741
723;410520105000001;-49.26027183746493;-24.818986518320283;URBANO;0.5411418113034324
724;410520105000002;-49.25506862027819;-24.824706817890625;URBANO;0.5578838447036214
725;410520105000003;-49.256075041334114;-24.831729678692817;URBANO;0.590521356382676
726;410520105000004;-49.266522610021624;-24.83102941715376;URBANO;0.4940421435782272
727;410520105000005;-49.26476739129525;-24.824734711971637;URBANO;0.6231409987063786
728;410520105000006;-49.22172636655632;-24.82912435123112;RURAL;0.4646904570862545
729;410520105000007;-49.2374134411965;-24.87954807373931;RURAL;0.5510796486981
730;410520105000008;-49.248778546460855;-24.92339215400807;RURAL;0.4523122977024452
731;410520105000009;-49.328331599120744;-24.948695388938532;RURAL;0.4939109495649475
732;410520105000010;-49.36171497215707;-24.92257345374057;RURAL;0.5032732793796373
733;410520105000011;-49.334415840403004;-24.87390275499987;RURAL;0.4942567976104575
734;410520105000012;-49.353078657242584;-24.842169312837587;RURAL;0.4011673645530933
735;410520105000013;-49.310349952102;-24.82991288869429;RURAL;0.4904210798605322
736;410520105000014;-49.294813467128314;-24.803489861065323;RURAL;0.5878331199112828
737;410520105000015;-49.24046538814267;-24.794096684855045;RURAL;0.4299115796238587
738;410520105000016;-49.17537939039544;-24.829550841787885;RURAL;0.4563517185007921
739;410520105000017;-49.17712570603475;-24.717157172758363;RURAL;0.4408427581405355
740;410520105000018;-49.133470308567865;-24.772603868826966;RURAL;0.5354190473168627
741;410520105000019;-49.11062428668859;-24.85440380656255;RURAL;0.4739961660131394
742;410520105000020;-49.156099267749944;-24.95943021035756;RURAL;0.6451862092694376
743;410520105000021;-49.13954804595387;-25.026994771310967;RURAL;0.5036957428256489
744;410520105000022;-49.202496098027936;-25.04754189635901;RURAL;0.5194263430373335
745;410520105000023;-49.296279537183594;-24.9966467431212;RURAL;0.4679576347277482
746;410520105000024;-49.24336098304449;-24.97248241805221;RURAL;0.666098001691828
747;410520105000025;-49.098375119959705;-25.04749028715773;RURAL;0.5390620475863571
748;410520105000026;-49.2890519089099;-24.841148957732276;RURAL;0.5518690133175546
749;410520105000027;-49.22642264275514;-24.85463262771276;RURAL;0.5311268896516105
750;410520105000028;-49.26824546655402;-24.831545145882078;URBANO;0.5175298891277724
751;410520105000029;-49.262619777126304;-24.83102838325506;URBANO;0.6383083473543268
752;410520105000030;-49.2583861458234;-24.811069593518873;RURAL;0.5645421038414941
753;410520105000031;-49.2718557376228;-24.834224084110367;RURAL;0.5059478272237746
754;410520110000001;-49.46428749904577;-24.853785459964605;URBANO;0.5473296364205392
755;410520110000002;-49.425608277286834;-24.87076569521065;RURAL;0.4438106357146404
756;410520110000003;-49.49170092416077;-24.876781071956877;RURAL;0.4634374534266978
757;410520110000004;-49.49145695215888;-24.826044591236116;RURAL;0.4633362215456573
758;410520110000005;-49.50211327109182;-24.770236689071716;RURAL;0.4681857729236655
759;410520110000006;-49.45140417662368;-24.741421351642597;RURAL;0.4303699123683564
760;410520110000007;-49.40463701527828;-24.761085157583754;RURAL;0.40700798957879625
761;410520110000008;-49.346640172525326;-24.773787978212503;RURAL;0.4020561285080941
762;410520110000009;-49.355393399600565;-24.798285148475387;RURAL;0.4816169357152226
763;410520110000010;-49.40982050252741;-24.803757469506284;RURAL;0.4585394372361759
764;410520110000011;-49.41274577751502;-24.822617876960383;RURAL;0.38681757571639896
765;411125805000001;-49.342865996019384;-25.214053169794976;URBANO;0.6191148161431015
766;411125805000002;-49.34879942231881;-25.219691315430904;URBANO;0.6018262125569692
767;411125805000003;-49.35409310765868;-25.223612234693764;URBANO;0.5828063677607024
768;411125805000004;-49.36009023176682;-25.22286497384004;URBANO;0.5388687039150574
769;411125805000005;-49.3564320375179;-25.21502921322725;URBANO;0.5281490818230172
770;411125805000006;-49.35095976285508;-25.216966652293728;URBANO;0.5961826424444983
771;411125805000007;-49.351712815978125;-25.209120347378324;URBANO;0.5810708191694847
772;411125805000008;-49.349006934628726;-25.203540584383212;URBANO;0.4895860529695364
773;411125805000009;-49.34436631166437;-25.201372390693802;URBANO;0.5228069991126316
774;411125805000010;-49.338176662377634;-25.20431215738427;URBANO;0.5592638227488197
775;411125805000011;-49.334621171692106;-25.208383497552255;URBANO;0.5325792562156526
776;411125805000012;-49.336117934500855;-25.215977284992082;URBANO;0.5403120383095961
777;411125805000013;-49.33366841955138;-25.21420317560511;URBANO;0.5744466584955368
778;411125805000014;-49.32782255302031;-25.212462710422034;URBANO;0.521819813722934
779;411125805000015;-49.33097358751051;-25.225682625876264;URBANO;0.5364652188145201
780;411125805000016;-49.342003664758934;-25.228729748904343;URBANO;0.5764757149639471
781;411125805000017;-49.393386674712026;-25.219524156898427;RURAL;0.5499130793898238
782;411125805000018;-49.45778734013603;-25.17521983018378;RURAL;0.5012153171149943
783;411125805000020;-49.57193372715178;-25.103024326907118;RURAL;0.4309219893289904
784;411125805000021;-49.5330638336965;-25.103771260638233;RURAL;0.4909547655477141
785;411125805000022;-49.480754403228495;-25.103935340844856;RURAL;0.4840873807507536
786;411125805000023;-49.51764884100825;-25.04999745825642;RURAL;0.4789974758347712
787;411125805000024;-49.545071426436564;-25.014455878631686;RURAL;0.4838857974553171
788;411125805000025;-49.57099840513392;-24.98132899260686;RURAL;0.4446250128291788
789;411125805000027;-49.356517267993134;-25.218827984962065;URBANO;0.5167346311884216
790;411125805000028;-49.35295155584712;-25.216033641850355;URBANO;0.5486415423723678
791;411125805000029;-49.35137141409008;-25.21337051168988;URBANO;0.5113986165786983
792;411125805000030;-49.346589670115605;-25.20784371053499;URBANO;0.5261803394277254
793;411125805000031;-49.32998931961984;-25.215388658345212;URBANO;0.5200994177407836
794;411125805000032;-49.35118910393099;-25.227836441043387;URBANO;0.586319009918155
795;411125805000033;-49.35625806948894;-25.23033489700684;URBANO;0.5033974369862921
796;411125805000034;-49.41970111609653;-25.231852212928473;RURAL;0.506122057234467
797;412220605000001;-49.31640213753224;-25.190410872779943;URBANO;0.620411842106646
798;412220605000002;-49.31267599513743;-25.19447283886824;URBANO;0.69817585951619
799;412220605000003;-49.321251647385424;-25.19878146967533;URBANO;0.5858441481087042
800;412220605000004;-49.31966763189358;-25.187903504849416;URBANO;0.6250367672194644
801;412220605000005;-49.315322229340495;-25.18483745476704;URBANO;0.6449689371288713
802;412220605000006;-49.30888010294384;-25.18326099315234;URBANO;0.5940081161440423
803;412220605000007;-49.30685521706014;-25.188459586033385;URBANO;0.6061853620991843
804;412220605000008;-49.30704554619392;-25.200774441867832;URBANO;0.4990302774260464
805;412220605000009;-49.31496127234749;-25.20778616778788;URBANO;0.5981103657726564
806;412220605000010;-49.32589031503849;-25.20845210600182;URBANO;0.7004258201929625
807;412220605000011;-49.329605133015164;-25.193427728091244;URBANO;0.5727086230635131
808;412220605000012;-49.31831718722767;-25.180250596771998;URBANO;0.5361341266301071
809;412220605000013;-49.31397561955958;-25.181966495908267;URBANO;0.5973106695416391
810;412220605000014;-49.31344936720328;-25.178946640569237;URBANO;0.5858337233922457
811;412220605000015;-49.31455569247856;-25.177882737441713;URBANO;0.5638140196139388
812;412220605000016;-49.31496037517775;-25.17560647300614;URBANO;0.5306498531306874
813;412220605000017;-49.31656637737636;-25.172850059022213;URBANO;0.5225789610409894
814;412220605000018;-49.310797569226274;-25.169368157837066;URBANO;0.5513147488395467
815;412220605000019;-49.315586820468205;-25.165800647759472;URBANO;0.4746262361440495
816;412220605000020;-49.297445230702785;-25.180503897811235;URBANO;0.5302936980579872
817;412220605000021;-49.3000956779107;-25.193791823667297;URBANO;0.5378770031302212
818;412220605000022;-49.3231089571341;-25.17828393793633;URBANO;0.4562295052400257
819;412220605000023;-49.306059062846934;-25.17189934268696;URBANO;0.5148022962304416
820;412220605000024;-49.36960397611054;-25.174834722542183;RURAL;0.451541175617592
821;412220605000025;-49.35512555996524;-25.15535828597692;RURAL;0.4811696464666086
822;412220605000026;-49.40494279751633;-25.13254366725777;RURAL;0.4596211949218661
823;412220605000027;-49.459086121652;-25.070996829557142;RURAL;0.4578039913166973
824;412220605000028;-49.43762106064661;-25.046993125614325;RURAL;0.5044368258253011
825;412220605000029;-49.44723692922037;-24.989533221099624;RURAL;0.4566826043790285
826;412220605000030;-49.449315914524796;-24.931355004369564;RURAL;0.4807685329362194
827;412220605000031;-49.40431556863305;-24.925600999691394;RURAL;0.4438017754143293
828;412220605000032;-49.39245420281481;-25.013782380745074;RURAL;0.4863164802466886
829;412220605000033;-49.34599103542259;-25.075318096525503;RURAL;0.5086593384404551
830;412220605000034;-49.31651238006824;-25.129330818122074;RURAL;0.4829481923786989
831;412220605000035;-49.287635638502856;-25.076848717073492;RURAL;0.5332086117836492
832;412220605000036;-49.199652920509614;-25.099285667056456;RURAL;0.4916693551254327
833;412220605000037;-49.137596442193804;-25.10012013112902;RURAL;0.4585687125790858
834;412220605000038;-49.1319352916778;-25.12542393363881;RURAL;0.4158331958423542
835;412220605000039;-49.20207013396798;-25.188737700748934;RURAL;0.45072761591684996
836;412220605000040;-49.22470285755192;-25.14394873482766;RURAL;0.3688863140978277
837;412220605000041;-49.26318809909843;-25.134677234937485;RURAL;0.5143213301835672
838;412220605000042;-49.25800866409562;-25.21889918222682;RURAL;0.5329712571171222
839;412220605000043;-49.267232272905034;-25.17439740997118;RURAL;0.5131979185728166
840;412220605000044;-49.28529973156327;-25.21033335270527;RURAL;0.5295708359229239
841;412220605000045;-49.313208999345015;-25.222887158835835;RURAL;0.5422094399860428
842;412220605000046;-49.23769960498772;-25.187987112854135;RURAL;0.5307213187281954
843;412220605000047;-49.314187698330116;-25.187877393960616;URBANO;0.7077995583752359
844;412220605000048;-49.31135536742118;-25.189013902862612;URBANO;0.7221991685395253
845;412220605000049;-49.302009280364395;-25.184650751479325;URBANO;0.5233238485451032
846;412220605000050;-49.30168130442975;-25.19597582419023;URBANO;0.5138965443761062
847;412220605000051;-49.31695258579889;-25.182669380862727;URBANO;0.5379530018359475
848;412220605000052;-49.312402579039734;-25.172041546343213;URBANO;0.482751736469376
849;412220605000053;-49.30790449587633;-25.21078276748728;RURAL;0.3519348902415993
850;412220605000054;-49.30273251639077;-25.215822490180255;RURAL;0.504001830082938
851;412220610000001;-49.48213864630193;-24.98953738269359;URBANO;0.5640219784608819
852;412220610000002;-49.53075118265554;-24.97360018589688;RURAL;0.4752275262222737
853;412220610000003;-49.515087995671266;-24.92919534354256;RURAL;0.4818443497253813
854;412220610000004;-49.495290781889096;-24.95834939061308;RURAL;0.4209763053889111
855;412788205000001;-49.08727300007267;-24.972204812419438;URBANO;0.5734006518345309
856;412788205000002;-49.07898493889582;-24.973593511172172;URBANO;0.4315747411828422
857;412788205000003;-49.040501666094684;-24.93771069927033;RURAL;0.5399123844907502
858;412788205000004;-49.057367572276846;-24.99041158315312;RURAL;0.5632350684459093
859;412788205000005;-49.03835670523724;-25.02328323064736;RURAL;0.4841009494517224
860;412788205000006;-48.92863020899191;-24.9791267574585;RURAL;0.5132126622263451
861;412788205000007;-48.95738428595683;-24.998986902081015;RURAL;0.4934750891088542
862;412788205000008;-48.87219036821037;-24.990671677072434;RURAL;0.3806883098811531
863;412788205000009;-48.85245627770786;-24.90502740870793;RURAL;0.5105464105107903
864;412788205000010;-48.76231360929489;-24.95855907827913;RURAL;0.4623968857918634
865;412788205000011;-49.09075951792777;-24.977358276850257;URBANO;0.5564930529415582
866;412788205000012;-49.09912522805446;-24.97957356177559;RURAL;0.5038919631652047
867;412863305000001;-49.41975582250561;-24.567836751662288;URBANO;0.5496474957309607
868;412863305000002;-49.44501771133433;-24.551088494141332;RURAL;0.525927377898437
869;412863305000003;-49.32165555700127;-24.49154250546002;RURAL;0.2946320009607976
870;412863305000004;-49.382491789414594;-24.590938071791776;RURAL;0.4558282097404413
871;412863305000005;-49.33211976064691;-24.642404595998894;RURAL;0.419712906960658
872;412863305000006;-49.26745958757046;-24.71269634188758;RURAL;0.407463704451344
873;412863305000007;-49.240662869219165;-24.764144828988993;RURAL;0.5029782498552225
874;412863305000008;-49.29550222619424;-24.754201924900617;RURAL;0.4936623571154826
875;412863305000009;-49.35011952654163;-24.71903029598613;RURAL;0.4007984154689389
876;412863305000010;-49.38479192839869;-24.660716187942295;RURAL;0.4499059045957067
877;412863305000011;-49.44133276404059;-24.676312303823778;RURAL;0.4617628992284839
878;412863305000012;-49.493090935997955;-24.67870225963417;RURAL;0.4280215186464924
879;412863305000013;-49.55113593552587;-24.636570970819413;RURAL;0.4293782192368459